order_year,order_month,total_revenue,total_orders
2023,01,9123.679999999998,163
2023,02,15788.940000000006,266
2023,03,15710.119999999994,248
2023,04,14830.919999999998,215
2023,05,15851.929999999995,214
2023,06,22533.419999999995,278
2023,07,14193.21,162
2023,08,22929.470000000005,254
2023,09,17383.68,180
2023,10,16543.06,164
2023,11,23641.19,228
2023,12,32260.50000000002,296
